response,rt,condition,subj_idx
1,2.1,emp,0
1,1.313,emp,0
1,1.403,emp,0
1,1.417,emp,0
1,1.55,emp,0
1,1.151,emp,0
1,1.558,emp,0
1,1.092,emp,0
1,2.074,emp,0
1,1.446,emp,0
1,1.148,emp,0
1,2.093,emp,0
1,1.543,emp,0
1,1.014,emp,0
1,2.319,emp,0
1,1.054,emp,0
1,0.931,emp,0
1,1.039,emp,0
1,1.404,emp,0
1,1.836,emp,0
1,0.716,emp,0
1,1.341,emp,0
0,1.253,emp,0
1,1.201,emp,0
1,1.57,emp,0
1,1.04,emp,0
1,1.248,emp,0
1,1.384,emp,0
0,2.041,emp,0
1,1.142,emp,0
1,1.045,emp,0
1,1.072,emp,0
1,0.915,emp,0
1,1.945,emp,0
1,1.689,emp,0
0,1.656,emp,0
1,1.405,emp,0
1,1.148,emp,0
1,0.955,emp,0
1,0.882,emp,0
1,1.004,emp,0
1,2.321,emp,0
1,2.224,emp,0
1,0.942,emp,0
1,0.882,emp,0
1,1.422,emp,0
1,1.892,emp,0
1,1.224,emp,0
1,2.344,emp,0
1,1.33,emp,0
1,0.981,emp,0
1,1.422,emp,0
1,1.185,emp,0
1,1.549,emp,0
1,1.986,emp,0
1,1.695,emp,0
1,2.202,emp,0
1,1.852,emp,0
1,1.32,emp,0
1,1.77,emp,0
1,1.157,empego,0
1,1.046,empego,0
1,1.045,empego,0
1,0.952,empego,0
1,0.699,empego,0
1,0.679,empego,0
1,0.801,empego,0
1,0.777,empego,0
1,1.096,empego,0
1,0.734,empego,0
1,0.815,empego,0
1,0.805,empego,0
1,0.922,empego,0
1,0.927,empego,0
1,0.806,empego,0
1,0.995,empego,0
1,1.216,empego,0
1,0.812,empego,0
1,0.808,empego,0
1,1.386,empego,0
1,1.055,empego,0
1,0.797,empego,0
1,0.921,empego,0
1,0.733,empego,0
1,1.491,empego,0
1,1.462,empego,0
1,1.552,empego,0
1,2.283,empego,0
1,0.763,empego,0
1,1.152,empego,0
1,1.396,empego,0
1,0.941,empego,0
1,1.361,empego,0
1,1.156,empego,0
1,0.855,empego,0
1,0.763,empego,0
1,1.288,empego,0
1,0.957,empego,0
1,1.16,empego,0
1,1.288,empego,0
1,1.09,empego,0
1,1.511,empego,0
1,0.998,empego,0
1,0.804,empego,0
1,0.929,empego,0
1,1.137,empego,0
1,1.613,empego,0
1,1.039,empego,0
1,1.068,empego,0
1,0.767,empego,0
1,0.781,empego,0
1,0.77,empego,0
1,1.277,empego,0
1,1.261,empego,0
1,1.744,empego,0
1,1.873,empego,0
1,1.231,empego,0
1,0.762,empego,0
1,0.864,empego,0
1,0.949,empego,0
1,1.655,emp,1
0,1.278,emp,1
1,1.357,emp,1
1,0.805,emp,1
1,0.961,emp,1
1,0.969,emp,1
1,1.548,emp,1
1,1.416,emp,1
1,0.929,emp,1
1,1.004,emp,1
1,0.914,emp,1
1,0.873,emp,1
1,1.794,emp,1
1,0.784,emp,1
1,0.969,emp,1
1,1.598,emp,1
1,1.018,emp,1
1,1.898,emp,1
1,1.065,emp,1
1,1.355,emp,1
1,1.203,emp,1
1,2.264,emp,1
1,1.027,emp,1
1,0.967,emp,1
1,3.886,emp,1
1,0.921,emp,1
1,0.724,emp,1
1,1.029,emp,1
1,1.068,emp,1
1,1.391,emp,1
1,1.411,emp,1
0,1.533,emp,1
1,1.243,emp,1
1,1.103,emp,1
1,1.065,emp,1
1,1.81,emp,1
1,1.559,emp,1
1,0.794,emp,1
1,1.546,emp,1
1,1.101,emp,1
1,0.832,emp,1
1,1.457,emp,1
1,3.916,emp,1
1,1.368,emp,1
1,1.096,emp,1
1,0.7,emp,1
1,1.72,emp,1
1,0.865,emp,1
1,1.407,emp,1
1,3.249,emp,1
1,1.012,emp,1
1,1.239,emp,1
1,1.54,emp,1
1,1.085,emp,1
1,0.847,emp,1
1,0.921,emp,1
1,1.837,emp,1
1,0.783,emp,1
1,1.478,empego,1
1,0.95,empego,1
1,1.015,empego,1
1,1.376,empego,1
1,1.349,empego,1
1,0.885,empego,1
0,1.657,empego,1
1,1.054,empego,1
1,0.904,empego,1
1,0.94,empego,1
1,1.536,empego,1
1,0.927,empego,1
1,1.5,empego,1
1,2.741,empego,1
1,1.649,empego,1
0,2.258,empego,1
1,1.791,empego,1
1,0.964,empego,1
1,1.121,empego,1
1,0.98,empego,1
1,1.091,empego,1
1,1.1,empego,1
1,0.876,empego,1
1,1.637,empego,1
1,1.231,empego,1
1,1.087,empego,1
1,1.053,empego,1
1,0.742,empego,1
1,0.859,empego,1
0,1.049,empego,1
1,1.298,empego,1
1,1.039,empego,1
1,1.183,empego,1
1,0.931,empego,1
1,1.586,empego,1
1,1.245,empego,1
1,0.818,empego,1
1,2.514,empego,1
1,1.074,empego,1
1,1.07,empego,1
1,1.504,empego,1
1,1.269,empego,1
1,0.823,empego,1
1,1.572,empego,1
1,0.831,empego,1
1,0.904,empego,1
1,1.257,empego,1
1,1.221,empego,1
1,1.133,empego,1
1,1.126,empego,1
1,1.452,empego,1
1,1.116,empego,1
1,1.012,empego,1
1,1.071,empego,1
1,1.359,empego,1
1,3.377,empego,1
1,1.403,empego,1
1,1.258,empego,1
1,0.886,empego,1
1,1.133,empego,1
1,1.311,emp,2
1,1.731,emp,2
1,2.17,emp,2
1,1.43,emp,2
1,1.797,emp,2
1,1.041,emp,2
1,0.843,emp,2
1,0.88,emp,2
1,1.273,emp,2
1,1.291,emp,2
1,1.005,emp,2
1,1.167,emp,2
1,1.235,emp,2
1,0.896,emp,2
1,0.924,emp,2
1,0.923,emp,2
1,0.723,emp,2
1,1.161,emp,2
1,0.824,emp,2
1,0.851,emp,2
1,0.976,emp,2
1,1.134,emp,2
1,0.922,emp,2
1,0.739,emp,2
1,1.059,emp,2
1,0.729,emp,2
1,0.858,emp,2
1,0.694,emp,2
1,0.904,emp,2
1,1.052,emp,2
1,0.793,emp,2
1,0.686,emp,2
1,0.773,emp,2
1,0.933,emp,2
1,0.976,emp,2
1,0.667,emp,2
1,0.86,emp,2
1,0.757,emp,2
1,1.122,emp,2
1,0.696,emp,2
1,0.905,emp,2
1,0.614,emp,2
1,0.798,emp,2
1,1.302,emp,2
1,0.767,emp,2
1,0.709,emp,2
1,0.749,emp,2
1,0.924,emp,2
1,1.233,emp,2
1,0.712,emp,2
1,0.837,emp,2
1,0.607,emp,2
1,1.278,emp,2
1,0.974,emp,2
1,1.365,emp,2
1,0.795,emp,2
1,0.759,emp,2
1,0.615,emp,2
1,0.464,emp,2
1,0.56,emp,2
1,1.476,empego,2
1,0.712,empego,2
1,1.07,empego,2
1,0.577,empego,2
1,0.688,empego,2
1,0.723,empego,2
1,0.663,empego,2
1,0.677,empego,2
1,0.721,empego,2
1,0.774,empego,2
1,0.657,empego,2
1,0.754,empego,2
1,0.634,empego,2
1,0.604,empego,2
1,0.783,empego,2
1,0.642,empego,2
1,0.673,empego,2
1,1.03,empego,2
1,0.763,empego,2
1,0.712,empego,2
1,1.239,empego,2
1,1.035,empego,2
1,0.423,empego,2
1,1.013,empego,2
1,0.918,empego,2
1,0.707,empego,2
1,0.711,empego,2
1,0.605,empego,2
1,1.116,empego,2
1,0.872,empego,2
1,0.585,empego,2
1,0.819,empego,2
1,0.846,empego,2
1,0.775,empego,2
1,1.07,empego,2
1,0.645,empego,2
1,0.636,empego,2
1,0.651,empego,2
1,0.856,empego,2
1,0.657,empego,2
1,0.603,empego,2
1,1.173,empego,2
1,1.271,empego,2
1,0.552,empego,2
1,1.237,empego,2
1,0.879,empego,2
1,0.843,empego,2
1,0.671,empego,2
1,0.679,empego,2
1,0.646,empego,2
1,0.501,empego,2
1,0.573,empego,2
1,0.57,empego,2
1,0.638,empego,2
1,0.587,empego,2
1,0.862,empego,2
1,0.647,empego,2
1,1.166,empego,2
1,1.174,empego,2
1,0.667,empego,2
1,2.12,emp,3
1,1.923,emp,3
0,2.18,emp,3
1,2.199,emp,3
1,1.369,emp,3
1,2.158,emp,3
0,1.403,emp,3
1,1.644,emp,3
1,1.268,emp,3
1,1.683,emp,3
1,1.757,emp,3
1,1.884,emp,3
1,3.264,emp,3
1,1.779,emp,3
1,0.956,emp,3
1,0.945,emp,3
1,1.37,emp,3
1,1.491,emp,3
1,0.819,emp,3
0,0.7,emp,3
1,1.405,emp,3
1,0.861,emp,3
1,1.837,emp,3
1,1.401,emp,3
1,1.153,emp,3
1,1.2,emp,3
1,0.94,emp,3
1,1.426,emp,3
1,1.584,emp,3
1,1.082,emp,3
1,0.945,emp,3
1,1.246,emp,3
0,1.532,emp,3
1,1.188,emp,3
1,0.926,emp,3
1,2.145,emp,3
1,1.36,emp,3
1,1.443,emp,3
1,1.354,emp,3
1,1.525,emp,3
0,2.673,emp,3
1,1.782,emp,3
1,1.438,emp,3
1,2.432,emp,3
1,1.059,emp,3
1,1.382,emp,3
0,1.473,emp,3
1,1,emp,3
1,3.824,emp,3
1,2.587,emp,3
0,2.972,emp,3
1,1.957,emp,3
1,2.746,emp,3
1,2.239,emp,3
1,1.416,emp,3
1,1.455,emp,3
1,1.934,emp,3
1,1.223,emp,3
1,2.174,emp,3
1,2.524,emp,3
1,2.921,empego,3
1,1.238,empego,3
1,1.952,empego,3
1,1.184,empego,3
1,0.984,empego,3
1,1.334,empego,3
1,1.076,empego,3
1,0.833,empego,3
1,1.006,empego,3
1,0.856,empego,3
1,0.853,empego,3
1,1.485,empego,3
1,1.629,empego,3
1,0.913,empego,3
1,0.981,empego,3
1,0.891,empego,3
1,1.148,empego,3
1,0.967,empego,3
1,1.396,empego,3
1,3.217,empego,3
0,2.737,empego,3
1,1.111,empego,3
1,1.059,empego,3
1,0.774,empego,3
1,0.96,empego,3
1,1.407,empego,3
1,2,empego,3
1,0.911,empego,3
1,0.96,empego,3
0,2.327,empego,3
1,1.226,empego,3
1,0.958,empego,3
1,1.429,empego,3
1,1.552,empego,3
1,1.432,empego,3
1,1.048,empego,3
1,1.652,empego,3
1,1.5,empego,3
1,1.587,empego,3
1,0.831,empego,3
1,1.588,empego,3
1,1.159,empego,3
1,1.519,empego,3
1,0.89,empego,3
1,1.64,empego,3
1,0.802,empego,3
1,1.314,empego,3
1,1.029,empego,3
1,0.71,empego,3
0,0.881,empego,3
1,1.386,empego,3
1,0.977,empego,3
1,0.971,empego,3
1,1.073,empego,3
1,0.88,empego,3
1,0.992,empego,3
1,0.919,empego,3
1,1.036,empego,3
1,1.002,empego,3
1,0.889,empego,3
1,1.244,emp,4
1,0.6,emp,4
1,0.817,emp,4
1,0.726,emp,4
1,0.968,emp,4
1,0.9,emp,4
1,0.644,emp,4
0,0.682,emp,4
1,0.847,emp,4
1,0.615,emp,4
1,0.695,emp,4
1,0.878,emp,4
1,0.726,emp,4
1,0.856,emp,4
1,0.752,emp,4
1,0.743,emp,4
1,0.607,emp,4
1,0.64,emp,4
1,0.738,emp,4
1,0.577,emp,4
1,0.697,emp,4
1,0.757,emp,4
1,0.915,emp,4
1,0.704,emp,4
1,0.615,emp,4
1,1.047,emp,4
1,0.678,emp,4
1,0.747,emp,4
1,0.73,emp,4
1,0.729,emp,4
1,0.665,emp,4
1,0.696,emp,4
1,0.73,emp,4
1,0.527,emp,4
1,0.612,emp,4
1,0.765,emp,4
1,0.681,emp,4
1,0.823,emp,4
1,0.877,emp,4
1,0.71,emp,4
1,0.807,emp,4
1,0.661,emp,4
1,0.768,emp,4
1,0.595,emp,4
1,0.809,emp,4
1,0.643,emp,4
1,0.712,emp,4
1,0.709,emp,4
1,0.626,emp,4
1,0.761,emp,4
1,0.601,emp,4
1,0.69,emp,4
1,0.582,emp,4
1,0.682,emp,4
1,0.52,emp,4
1,0.501,emp,4
1,0.77,emp,4
1,0.754,emp,4
1,0.612,emp,4
1,0.692,emp,4
1,3.881,empego,4
1,0.746,empego,4
1,0.578,empego,4
1,0.526,empego,4
1,0.615,empego,4
1,0.699,empego,4
1,0.626,empego,4
1,0.687,empego,4
1,3.12,empego,4
1,0.792,empego,4
1,0.715,empego,4
1,0.859,empego,4
1,0.785,empego,4
1,0.87,empego,4
1,1.31,empego,4
1,0.876,empego,4
1,0.758,empego,4
1,0.734,empego,4
1,0.751,empego,4
1,0.765,empego,4
1,0.825,empego,4
1,1.046,empego,4
1,0.687,empego,4
1,0.999,empego,4
1,0.642,empego,4
1,1.009,empego,4
1,0.907,empego,4
1,0.705,empego,4
1,0.641,empego,4
1,0.622,empego,4
1,0.961,empego,4
1,0.712,empego,4
1,0.64,empego,4
1,0.598,empego,4
1,0.779,empego,4
1,0.935,empego,4
1,0.735,empego,4
1,0.755,empego,4
1,0.855,empego,4
1,0.683,empego,4
1,0.786,empego,4
1,0.884,empego,4
1,0.738,empego,4
1,0.704,empego,4
1,0.759,empego,4
1,0.792,empego,4
1,0.826,empego,4
1,2.015,empego,4
0,0.803,empego,4
1,0.762,empego,4
1,1.122,empego,4
1,0.862,empego,4
1,1.122,empego,4
1,0.886,empego,4
1,0.731,empego,4
1,0.942,empego,4
1,1.846,emp,5
1,0.885,emp,5
1,0.882,emp,5
1,1.061,emp,5
1,0.76,emp,5
1,0.78,emp,5
1,0.731,emp,5
1,0.571,emp,5
0,0.771,emp,5
0,1.209,emp,5
1,1.422,emp,5
1,0.926,emp,5
1,1.061,emp,5
1,1.127,emp,5
1,0.897,emp,5
1,0.681,emp,5
1,0.731,emp,5
1,1.222,emp,5
1,0.744,emp,5
1,1.17,emp,5
0,1.124,emp,5
1,1.034,emp,5
1,1.329,emp,5
1,1.042,emp,5
1,0.863,emp,5
1,1.208,emp,5
1,1.907,emp,5
1,1.152,emp,5
1,0.892,emp,5
0,1.168,emp,5
1,1.008,emp,5
1,0.79,emp,5
1,1.47,emp,5
1,0.917,emp,5
1,1.29,emp,5
1,0.63,emp,5
1,0.784,emp,5
1,1.042,emp,5
1,1.514,emp,5
1,1.193,emp,5
1,2.241,emp,5
1,0.709,emp,5
1,2.477,emp,5
1,0.71,emp,5
1,0.818,emp,5
1,0.816,emp,5
1,1.188,emp,5
1,0.695,emp,5
1,2.525,emp,5
0,1.268,emp,5
1,0.93,emp,5
1,0.802,emp,5
1,1.066,emp,5
1,2.185,emp,5
1,1.034,emp,5
1,0.612,emp,5
1,0.566,emp,5
1,1,emp,5
1,0.607,emp,5
1,0.785,emp,5
1,1.496,empego,5
1,0.893,empego,5
0,0.898,empego,5
1,1.045,empego,5
1,1.198,empego,5
1,0.888,empego,5
1,1.087,empego,5
1,1.15,empego,5
1,0.92,empego,5
1,0.85,empego,5
1,0.842,empego,5
1,1.035,empego,5
1,0.849,empego,5
1,0.881,empego,5
1,1.008,empego,5
1,0.842,empego,5
1,0.951,empego,5
1,1.156,empego,5
1,2.894,empego,5
1,0.801,empego,5
1,0.756,empego,5
1,0.772,empego,5
1,1.084,empego,5
1,0.726,empego,5
1,0.649,empego,5
1,1.424,empego,5
0,0.723,empego,5
0,0.725,empego,5
1,1.174,empego,5
1,2.281,empego,5
1,0.914,empego,5
1,0.867,empego,5
0,1.007,empego,5
1,1.122,empego,5
0,1.028,empego,5
1,0.779,empego,5
1,1.101,empego,5
1,1.064,empego,5
1,0.899,empego,5
1,1.133,empego,5
1,0.692,empego,5
1,0.68,empego,5
1,0.966,empego,5
1,0.93,empego,5
1,1.695,empego,5
1,0.759,empego,5
1,0.967,empego,5
0,1.982,empego,5
1,1.119,empego,5
1,1.116,empego,5
1,0.782,empego,5
1,0.993,empego,5
1,2.685,empego,5
1,0.767,empego,5
1,0.822,empego,5
1,0.822,empego,5
1,0.996,empego,5
0,1.11,empego,5
1,1.655,empego,5
0,2.294,emp,6
0,0.622,emp,6
0,0.635,emp,6
0,0.618,emp,6
0,0.603,emp,6
0,0.755,emp,6
0,0.659,emp,6
0,0.876,emp,6
0,0.695,emp,6
1,0.597,emp,6
0,0.89,emp,6
1,0.932,emp,6
0,0.658,emp,6
0,0.537,emp,6
1,0.874,emp,6
1,0.785,emp,6
1,0.97,emp,6
1,0.782,emp,6
1,0.744,emp,6
1,0.793,emp,6
1,1.007,emp,6
1,1.073,emp,6
1,0.767,emp,6
1,0.782,emp,6
1,1.039,emp,6
0,1.24,emp,6
1,0.953,emp,6
1,0.856,emp,6
0,1.294,emp,6
0,1.121,emp,6
0,1.074,emp,6
0,0.932,emp,6
0,0.86,emp,6
0,1.388,emp,6
0,0.683,emp,6
0,1,emp,6
1,0.985,emp,6
0,1.195,emp,6
0,0.769,emp,6
0,0.687,emp,6
0,0.659,emp,6
0,0.913,emp,6
0,0.899,emp,6
1,1.805,emp,6
1,1.289,emp,6
1,0.771,emp,6
0,0.891,emp,6
0,1.21,emp,6
0,0.899,emp,6
0,0.88,emp,6
1,0.829,emp,6
0,0.715,emp,6
0,0.681,emp,6
0,1.773,emp,6
0,0.852,emp,6
0,1.232,emp,6
0,0.888,emp,6
0,1.017,emp,6
0,0.897,emp,6
1,1.271,empego,6
1,0.634,empego,6
0,0.943,empego,6
0,0.694,empego,6
0,0.734,empego,6
1,1.204,empego,6
1,1.15,empego,6
0,1.705,empego,6
1,0.883,empego,6
1,0.749,empego,6
1,1.084,empego,6
1,1.184,empego,6
0,0.9,empego,6
0,0.81,empego,6
0,1.044,empego,6
1,1.354,empego,6
1,0.741,empego,6
1,0.759,empego,6
1,0.812,empego,6
1,0.787,empego,6
1,0.607,empego,6
1,1.384,empego,6
1,0.706,empego,6
1,0.977,empego,6
1,0.76,empego,6
1,1.177,empego,6
1,1.29,empego,6
0,1.156,empego,6
0,1.279,empego,6
0,1.067,empego,6
1,1.418,empego,6
1,0.981,empego,6
1,0.857,empego,6
0,1.738,empego,6
1,1.525,empego,6
1,1.473,empego,6
1,0.846,empego,6
1,0.993,empego,6
0,1.264,empego,6
0,0.877,empego,6
1,1.07,empego,6
1,1.372,empego,6
1,1.153,empego,6
1,1.243,empego,6
1,0.761,empego,6
1,1.603,empego,6
1,0.89,empego,6
1,1.101,empego,6
1,0.88,empego,6
1,0.941,empego,6
1,0.646,empego,6
1,0.749,empego,6
1,0.852,empego,6
1,0.738,empego,6
1,1.296,empego,6
1,1.071,empego,6
1,0.991,empego,6
1,0.987,empego,6
0,1.777,empego,6
1,1.744,empego,6
1,3.593,emp,7
1,1.122,emp,7
1,1.008,emp,7
0,0.719,emp,7
1,1.006,emp,7
1,2.036,emp,7
0,1.096,emp,7
0,0.861,emp,7
1,1.146,emp,7
0,0.744,emp,7
0,0.637,emp,7
0,0.671,emp,7
0,0.615,emp,7
1,1.413,emp,7
0,0.925,emp,7
0,1.59,emp,7
0,1.446,emp,7
0,0.623,emp,7
0,1.419,emp,7
0,0.685,emp,7
0,0.937,emp,7
0,1.52,emp,7
0,1.225,emp,7
0,1.623,emp,7
0,1.68,emp,7
1,1.899,emp,7
0,1.067,emp,7
0,0.687,emp,7
1,2.067,emp,7
0,0.801,emp,7
1,1.51,emp,7
0,0.999,emp,7
1,1.862,emp,7
0,0.807,emp,7
0,2.106,emp,7
0,1.338,emp,7
0,0.979,emp,7
1,1.252,emp,7
1,2.452,emp,7
0,0.66,emp,7
0,1.952,emp,7
0,0.976,emp,7
0,0.76,emp,7
1,1.658,emp,7
0,0.705,emp,7
0,0.775,emp,7
0,0.675,emp,7
0,0.7,emp,7
0,1.041,emp,7
0,1.273,emp,7
0,0.828,emp,7
0,1.493,emp,7
1,1.491,emp,7
0,1.402,emp,7
0,1.171,emp,7
1,1.102,emp,7
1,1.156,emp,7
0,1.351,emp,7
0,0.715,emp,7
0,1.01,emp,7
1,1.101,empego,7
1,0.76,empego,7
0,1.343,empego,7
1,2.576,empego,7
1,1.915,empego,7
1,2.211,empego,7
1,1.553,empego,7
0,0.867,empego,7
1,0.963,empego,7
1,1.216,empego,7
0,2.344,empego,7
1,1.06,empego,7
1,1.269,empego,7
1,1.181,empego,7
1,1.07,empego,7
1,1.366,empego,7
1,1.685,empego,7
0,0.717,empego,7
1,1.154,empego,7
1,2.467,empego,7
1,1.308,empego,7
1,1.347,empego,7
1,1.074,empego,7
1,1.86,empego,7
0,0.917,empego,7
0,1.957,empego,7
1,1.975,empego,7
1,1.989,empego,7
1,0.753,empego,7
1,1.932,empego,7
1,1.702,empego,7
1,1.634,empego,7
1,1.207,empego,7
1,0.984,empego,7
0,1.18,empego,7
0,0.896,empego,7
0,0.823,empego,7
1,0.946,empego,7
1,0.816,empego,7
1,1.233,empego,7
1,1.238,empego,7
0,1.156,empego,7
1,0.889,empego,7
1,1.288,empego,7
1,0.955,empego,7
1,2.393,empego,7
1,1.98,empego,7
0,0.643,empego,7
0,0.956,empego,7
1,1.15,empego,7
1,0.926,empego,7
1,1.878,empego,7
1,1.121,empego,7
1,0.976,empego,7
1,1.442,empego,7
1,0.999,empego,7
1,1.1,empego,7
0,0.771,empego,7
1,0.925,empego,7
1,1.348,empego,7
0,1.609,emp,8
1,1.021,emp,8
1,1.483,emp,8
1,1.12,emp,8
1,1.15,emp,8
1,1.206,emp,8
1,1.144,emp,8
0,1.204,emp,8
1,1.633,emp,8
1,1.017,emp,8
1,1.396,emp,8
1,1.342,emp,8
0,1.92,emp,8
1,0.936,emp,8
1,1.298,emp,8
1,1.251,emp,8
1,1.603,emp,8
1,1.298,emp,8
1,1.171,emp,8
0,1.89,emp,8
1,1.134,emp,8
1,1.395,emp,8
1,1.35,emp,8
1,1.602,emp,8
0,1.113,emp,8
1,1.241,emp,8
1,1.358,emp,8
1,1.076,emp,8
1,1.405,emp,8
0,2.077,emp,8
1,1.146,emp,8
1,1.465,emp,8
1,1.532,emp,8
1,1.505,emp,8
1,1.215,emp,8
1,1.403,emp,8
1,1.414,emp,8
1,1.151,emp,8
1,1.754,emp,8
1,1.16,emp,8
1,1.287,emp,8
1,1.502,emp,8
1,1.197,emp,8
1,1.455,emp,8
1,1.226,emp,8
1,1.631,emp,8
0,1.649,emp,8
1,1.16,emp,8
1,1.136,emp,8
1,1.187,emp,8
1,1.334,emp,8
0,1.613,emp,8
1,1.249,emp,8
1,1.249,emp,8
1,1.405,emp,8
1,1.255,emp,8
1,1.274,emp,8
1,1.131,emp,8
1,1.087,emp,8
0,1.075,empego,8
1,1.035,empego,8
1,1.221,empego,8
1,0.837,empego,8
1,0.955,empego,8
1,1.066,empego,8
1,1.772,empego,8
1,1.437,empego,8
1,0.949,empego,8
1,1.217,empego,8
1,1.21,empego,8
1,1.23,empego,8
1,1.769,empego,8
1,1.857,empego,8
1,1.992,empego,8
1,1.826,empego,8
1,1.611,empego,8
1,1.103,empego,8
1,1.474,empego,8
1,1.859,empego,8
0,1.494,empego,8
1,1.135,empego,8
1,1.439,empego,8
0,0.979,empego,8
1,1.498,empego,8
1,1.392,empego,8
0,1.385,empego,8
1,1.129,empego,8
1,1.309,empego,8
1,1.221,empego,8
1,1.489,empego,8
1,1.177,empego,8
0,1.279,empego,8
1,1.181,empego,8
1,1.41,empego,8
1,1.121,empego,8
1,1.311,empego,8
0,1.095,empego,8
1,1.023,empego,8
1,1.255,empego,8
1,1.183,empego,8
1,1.599,empego,8
1,1.175,empego,8
1,1.25,empego,8
1,1.322,empego,8
0,2.387,empego,8
1,1.248,empego,8
1,1.051,empego,8
1,1.447,empego,8
1,1.311,empego,8
0,2.312,empego,8
1,1.33,empego,8
1,1.133,empego,8
1,1.384,empego,8
1,1.406,empego,8
1,1.651,empego,8
0,0.98,empego,8
1,1.479,empego,8
1,1.499,empego,8
1,1.097,empego,8
0,2.62,emp,9
0,1.534,emp,9
1,1.482,emp,9
0,1.09,emp,9
0,1.151,emp,9
0,1.278,emp,9
1,1.244,emp,9
1,1.198,emp,9
1,1.43,emp,9
1,1.313,emp,9
1,1.196,emp,9
1,1.017,emp,9
0,1.101,emp,9
1,0.896,emp,9
1,1.621,emp,9
1,1.54,emp,9
0,1.062,emp,9
0,1.077,emp,9
1,1.029,emp,9
1,0.964,emp,9
1,0.74,emp,9
1,0.958,emp,9
1,0.977,emp,9
1,1.136,emp,9
0,1.705,emp,9
1,0.94,emp,9
1,1.497,emp,9
1,1.285,emp,9
1,0.904,emp,9
1,0.773,emp,9
1,1.263,emp,9
1,0.852,emp,9
1,0.958,emp,9
1,0.648,emp,9
1,0.848,emp,9
1,1.128,emp,9
0,2.841,emp,9
1,0.767,emp,9
1,1.024,emp,9
1,0.758,emp,9
1,1.944,emp,9
1,1.038,emp,9
1,1.497,emp,9
1,0.832,emp,9
1,1.322,emp,9
1,1.275,emp,9
1,0.989,emp,9
0,2.605,emp,9
1,1.019,emp,9
1,1.189,emp,9
1,1.796,emp,9
1,2.265,emp,9
1,0.986,emp,9
1,1.087,emp,9
1,1.223,emp,9
1,1.589,emp,9
0,1.297,emp,9
1,1.285,emp,9
1,1.266,emp,9
1,1.556,emp,9
1,1.504,empego,9
1,1.443,empego,9
1,1.715,empego,9
1,1.449,empego,9
1,1.589,empego,9
1,1.056,empego,9
1,2.411,empego,9
1,1.389,empego,9
1,1.406,empego,9
1,1.363,empego,9
1,0.975,empego,9
1,1.838,empego,9
1,2.083,empego,9
1,2.129,empego,9
1,1.421,empego,9
1,1.135,empego,9
1,1.421,empego,9
0,1.985,empego,9
0,3.231,empego,9
1,3.068,empego,9
0,1.894,empego,9
1,1.566,empego,9
1,1.563,empego,9
1,1.819,empego,9
1,2.688,empego,9
1,2.727,empego,9
0,1.73,empego,9
1,1.479,empego,9
0,2.943,empego,9
1,1.153,empego,9
1,2.099,empego,9
1,1.528,empego,9
1,1.643,empego,9
1,1.264,empego,9
1,1.439,empego,9
1,3.191,empego,9
1,1.528,empego,9
1,3.021,empego,9
1,2.368,empego,9
0,1.814,empego,9
1,1.259,empego,9
1,3.006,empego,9
0,1.409,empego,9
1,1.491,empego,9
1,1.322,empego,9
1,1.1,empego,9
1,1.832,empego,9
1,1.619,empego,9
1,1.188,empego,9
1,2.314,empego,9
1,1.087,empego,9
1,1.466,empego,9
1,1.299,empego,9
1,1.84,empego,9
1,1.089,empego,9
1,1.083,empego,9
0,2.482,empego,9
1,1.251,empego,9
1,2.388,empego,9
1,1.799,empego,9
1,2.04,emp,10
0,0.746,emp,10
0,0.931,emp,10
1,0.753,emp,10
1,1.036,emp,10
1,0.764,emp,10
0,1.215,emp,10
1,0.849,emp,10
0,1.317,emp,10
1,1.076,emp,10
0,0.984,emp,10
1,0.731,emp,10
0,1,emp,10
1,0.758,emp,10
1,0.79,emp,10
1,0.76,emp,10
1,0.634,emp,10
1,0.709,emp,10
0,0.695,emp,10
1,0.742,emp,10
1,0.59,emp,10
0,0.738,emp,10
0,0.788,emp,10
1,1.084,emp,10
0,0.79,emp,10
1,0.67,emp,10
1,0.762,emp,10
1,0.758,emp,10
1,0.645,emp,10
1,0.73,emp,10
1,0.648,emp,10
0,0.882,emp,10
1,0.67,emp,10
1,0.871,emp,10
1,1.24,emp,10
0,0.76,emp,10
1,0.709,emp,10
1,0.58,emp,10
1,0.79,emp,10
1,0.719,emp,10
1,0.858,emp,10
1,0.997,emp,10
1,0.674,emp,10
1,0.81,emp,10
0,0.695,emp,10
1,0.952,emp,10
0,1.407,emp,10
1,0.995,emp,10
1,1.167,emp,10
0,0.771,emp,10
0,1.315,emp,10
1,0.715,emp,10
0,0.587,emp,10
1,0.725,emp,10
0,0.659,emp,10
1,0.804,emp,10
0,0.774,emp,10
0,0.915,emp,10
0,0.825,emp,10
0,0.675,emp,10
1,1.158,empego,10
0,1.14,empego,10
1,1.299,empego,10
1,1.146,empego,10
1,0.992,empego,10
1,1.032,empego,10
1,1.162,empego,10
1,0.913,empego,10
1,0.796,empego,10
1,0.878,empego,10
1,0.825,empego,10
1,1.151,empego,10
1,0.9,empego,10
1,0.713,empego,10
1,0.745,empego,10
1,0.859,empego,10
1,0.741,empego,10
1,0.734,empego,10
1,0.702,empego,10
1,0.845,empego,10
1,0.775,empego,10
1,0.754,empego,10
1,0.705,empego,10
1,0.652,empego,10
1,0.649,empego,10
1,0.744,empego,10
1,0.666,empego,10
1,0.66,empego,10
1,0.994,empego,10
1,0.756,empego,10
1,0.642,empego,10
1,0.647,empego,10
1,0.665,empego,10
1,0.666,empego,10
1,1.113,empego,10
1,1.071,empego,10
1,0.727,empego,10
1,0.672,empego,10
1,0.68,empego,10
1,0.774,empego,10
1,0.746,empego,10
1,0.711,empego,10
1,0.727,empego,10
1,0.961,empego,10
1,0.69,empego,10
1,0.823,empego,10
1,0.859,empego,10
1,0.71,empego,10
1,0.715,empego,10
1,0.764,empego,10
1,0.692,empego,10
1,0.687,empego,10
1,0.79,empego,10
1,0.728,empego,10
1,0.666,empego,10
1,0.835,empego,10
1,0.825,empego,10
1,0.685,empego,10
1,0.701,empego,10
1,0.637,empego,10
1,1.856,emp,11
1,1.092,emp,11
1,0.733,emp,11
1,1.136,emp,11
1,1.975,emp,11
1,1.283,emp,11
1,1.369,emp,11
1,0.699,emp,11
1,0.971,emp,11
1,1.082,emp,11
1,1.721,emp,11
1,1.07,emp,11
1,2.313,emp,11
1,0.971,emp,11
1,1.223,emp,11
1,1.37,emp,11
1,2.038,emp,11
1,0.798,emp,11
0,2.108,emp,11
1,1.249,emp,11
1,1.002,emp,11
1,2.89,emp,11
1,1.27,emp,11
1,0.769,emp,11
1,1.742,emp,11
1,1.987,emp,11
1,0.748,emp,11
1,3.202,emp,11
0,0.789,emp,11
1,0.821,emp,11
1,0.746,emp,11
1,0.906,emp,11
1,0.811,emp,11
1,2.777,emp,11
1,1.217,emp,11
1,1.018,emp,11
1,1.418,emp,11
1,0.841,emp,11
1,0.949,emp,11
1,0.797,emp,11
1,0.98,emp,11
1,0.743,emp,11
1,2.08,emp,11
1,1.244,emp,11
1,1.273,emp,11
1,1.696,emp,11
1,1.073,emp,11
1,1.549,emp,11
0,0.468,emp,11
1,1.018,emp,11
1,1.078,emp,11
1,0.641,emp,11
1,0.715,emp,11
1,1.169,emp,11
1,1.201,emp,11
1,0.928,emp,11
1,0.584,emp,11
1,0.827,emp,11
1,0.829,emp,11
1,1.419,empego,11
1,0.886,empego,11
1,0.712,empego,11
1,0.798,empego,11
1,0.57,empego,11
1,0.667,empego,11
1,0.907,empego,11
1,0.672,empego,11
1,0.792,empego,11
1,0.847,empego,11
1,0.635,empego,11
1,0.827,empego,11
1,0.781,empego,11
1,0.81,empego,11
1,0.808,empego,11
1,0.9,empego,11
1,0.741,empego,11
1,0.806,empego,11
1,0.991,empego,11
1,0.777,empego,11
1,0.947,empego,11
1,0.836,empego,11
1,0.791,empego,11
1,0.996,empego,11
1,0.728,empego,11
1,0.715,empego,11
1,0.776,empego,11
1,0.714,empego,11
1,1.173,empego,11
1,0.814,empego,11
1,0.791,empego,11
1,0.801,empego,11
1,0.698,empego,11
1,0.725,empego,11
1,0.923,empego,11
1,0.989,empego,11
1,0.875,empego,11
1,1.321,empego,11
1,0.636,empego,11
1,0.675,empego,11
1,0.865,empego,11
1,0.866,empego,11
1,0.777,empego,11
1,0.821,empego,11
1,0.925,empego,11
1,0.84,empego,11
1,0.653,empego,11
1,0.913,empego,11
1,0.657,empego,11
1,0.949,empego,11
1,1.074,empego,11
1,1.058,empego,11
1,0.749,empego,11
1,1.005,empego,11
1,0.767,empego,11
1,0.789,empego,11
1,0.622,empego,11
1,0.763,empego,11
1,1.206,empego,11
1,0.792,empego,11
0,2.303,emp,12
1,1.725,emp,12
1,1.681,emp,12
0,2.098,emp,12
1,1.412,emp,12
1,1.574,emp,12
1,1.2,emp,12
1,1.641,emp,12
1,1.103,emp,12
1,1.059,emp,12
1,1.26,emp,12
1,1.446,emp,12
0,1.466,emp,12
1,1.216,emp,12
1,1.519,emp,12
0,1.497,emp,12
1,0.848,emp,12
1,1.319,emp,12
1,1.658,emp,12
0,1.694,emp,12
1,1.092,emp,12
1,1.259,emp,12
1,0.958,emp,12
1,1.014,emp,12
1,0.765,emp,12
1,0.933,emp,12
1,1.002,emp,12
1,1.088,emp,12
1,1.027,emp,12
0,1.646,emp,12
1,0.879,emp,12
1,1.124,emp,12
1,1.364,emp,12
1,1.033,emp,12
1,0.907,emp,12
1,1.251,emp,12
1,1.009,emp,12
1,1.193,emp,12
1,0.945,emp,12
1,1.046,emp,12
1,1.151,emp,12
1,0.974,emp,12
1,1.003,emp,12
1,1.405,emp,12
1,0.933,emp,12
1,0.891,emp,12
1,1.215,emp,12
1,1.22,emp,12
1,1.883,emp,12
1,1.45,emp,12
1,2.151,emp,12
1,1.269,emp,12
1,0.979,emp,12
1,1.26,emp,12
1,1.587,emp,12
1,1.237,emp,12
0,2.455,emp,12
1,1.041,emp,12
0,1.569,emp,12
1,0.99,emp,12
1,1.735,empego,12
1,0.759,empego,12
1,0.716,empego,12
1,0.931,empego,12
1,0.743,empego,12
1,0.807,empego,12
1,1.022,empego,12
1,0.76,empego,12
1,0.712,empego,12
1,0.665,empego,12
1,1.425,empego,12
0,1.821,empego,12
1,0.862,empego,12
1,0.717,empego,12
1,1.098,empego,12
1,0.703,empego,12
0,1.601,empego,12
1,0.774,empego,12
1,0.966,empego,12
1,0.893,empego,12
1,0.855,empego,12
1,0.948,empego,12
1,1.134,empego,12
1,1.373,empego,12
1,0.843,empego,12
1,0.994,empego,12
1,1.428,empego,12
1,1.111,empego,12
1,0.844,empego,12
1,1.239,empego,12
1,0.855,empego,12
1,0.943,empego,12
1,1.276,empego,12
1,0.777,empego,12
1,0.89,empego,12
1,0.915,empego,12
0,0.825,empego,12
1,1.082,empego,12
1,0.685,empego,12
1,0.896,empego,12
1,0.867,empego,12
1,0.984,empego,12
0,1.042,empego,12
1,1.277,empego,12
1,0.939,empego,12
1,0.814,empego,12
1,1.058,empego,12
1,1.133,empego,12
1,1.064,empego,12
1,1.486,empego,12
1,1.212,empego,12
1,1.092,empego,12
1,0.855,empego,12
1,1.207,empego,12
1,1.062,empego,12
1,1.043,empego,12
1,1.108,empego,12
1,1.084,empego,12
1,1.045,empego,12
1,1.163,empego,12
1,1.78,emp,13
1,0.763,emp,13
1,0.561,emp,13
1,0.871,emp,13
1,0.784,emp,13
1,1.068,emp,13
1,0.511,emp,13
0,1.424,emp,13
1,0.724,emp,13
1,0.632,emp,13
1,0.717,emp,13
1,0.631,emp,13
1,0.704,emp,13
1,0.759,emp,13
1,0.647,emp,13
1,0.563,emp,13
1,0.574,emp,13
1,0.691,emp,13
1,0.579,emp,13
1,0.607,emp,13
1,0.666,emp,13
1,0.995,emp,13
1,0.492,emp,13
1,0.595,emp,13
1,0.511,emp,13
1,0.515,emp,13
1,0.795,emp,13
1,0.686,emp,13
1,0.225,emp,13
1,0.828,emp,13
1,0.525,emp,13
1,1.082,emp,13
1,0.6,emp,13
1,0.633,emp,13
1,0.722,emp,13
1,1.135,emp,13
1,0.582,emp,13
1,0.775,emp,13
1,0.468,emp,13
0,0.574,emp,13
1,0.527,emp,13
1,0.672,emp,13
1,0.685,emp,13
1,0.617,emp,13
1,1.013,emp,13
1,0.58,emp,13
1,0.839,emp,13
1,1.064,emp,13
1,0.607,emp,13
0,0.775,emp,13
0,0.871,emp,13
0,1.077,emp,13
0,1.774,emp,13
0,0.713,emp,13
0,0.724,emp,13
1,0.826,emp,13
1,1.229,emp,13
1,1.786,emp,13
1,0.759,emp,13
1,1.154,emp,13
1,0.233,empego,13
1,1.085,empego,13
1,0.95,empego,13
1,0.817,empego,13
1,0.85,empego,13
1,0.72,empego,13
1,0.719,empego,13
1,0.885,empego,13
1,1.008,empego,13
1,1.076,empego,13
1,1.117,empego,13
1,1.342,empego,13
1,1.325,empego,13
1,0.869,empego,13
1,1.052,empego,13
1,0.966,empego,13
1,1.083,empego,13
1,0.859,empego,13
1,0.73,empego,13
1,0.97,empego,13
1,0.744,empego,13
1,0.643,empego,13
1,0.85,empego,13
1,0.98,empego,13
1,0.813,empego,13
1,0.813,empego,13
1,1.066,empego,13
1,1.043,empego,13
1,1.072,empego,13
1,1.057,empego,13
1,0.616,empego,13
1,0.818,empego,13
1,0.731,empego,13
1,0.626,empego,13
1,0.681,empego,13
1,0.665,empego,13
1,1.33,empego,13
1,2.746,empego,13
1,2.154,empego,13
1,0.761,empego,13
1,1.565,empego,13
1,0.872,empego,13
1,1.434,empego,13
1,0.801,empego,13
1,0.657,empego,13
0,1.557,empego,13
0,3.015,empego,13
0,1.835,empego,13
1,1.01,empego,13
1,0.876,empego,13
1,0.711,empego,13
1,1.226,empego,13
1,0.753,empego,13
1,2.635,empego,13
1,0.721,empego,13
1,0.885,empego,13
1,1.045,empego,13
1,0.796,empego,13
1,0.728,empego,13
1,0.778,empego,13
0,2.386,emp,14
1,2.457,emp,14
1,2.361,emp,14
0,0.939,emp,14
0,0.972,emp,14
1,1.548,emp,14
1,1.765,emp,14
0,1.091,emp,14
0,1.625,emp,14
1,1.618,emp,14
1,1.553,emp,14
0,1.922,emp,14
1,1.341,emp,14
1,1.385,emp,14
1,1.389,emp,14
0,1.283,emp,14
0,0.933,emp,14
0,1.26,emp,14
1,1.094,emp,14
0,1.021,emp,14
1,1.48,emp,14
0,0.828,emp,14
0,2.452,emp,14
0,0.972,emp,14
1,1.543,emp,14
1,1.837,emp,14
0,1.779,emp,14
1,1.34,emp,14
0,2.51,emp,14
1,2.395,emp,14
1,2.121,emp,14
1,1.101,emp,14
0,0.91,emp,14
0,0.645,emp,14
1,1.29,emp,14
0,1.244,emp,14
0,1.539,emp,14
1,1.407,emp,14
1,1.109,emp,14
0,0.831,emp,14
0,0.898,emp,14
1,1.187,emp,14
0,1.097,emp,14
1,1.596,emp,14
0,0.951,emp,14
1,1.065,emp,14
0,0.835,emp,14
1,1.297,emp,14
0,1.134,emp,14
0,1,emp,14
0,1.635,emp,14
0,0.734,emp,14
1,1.185,emp,14
0,1.688,emp,14
1,1.056,emp,14
1,1.446,emp,14
0,0.759,emp,14
1,1.06,emp,14
1,1.076,emp,14
0,0.655,emp,14
1,1.298,empego,14
1,2.278,empego,14
1,1.886,empego,14
0,2.645,empego,14
0,0.911,empego,14
1,1.125,empego,14
1,2.154,empego,14
0,0.945,empego,14
1,1.296,empego,14
1,1.567,empego,14
0,0.539,empego,14
1,1.709,empego,14
0,0.963,empego,14
0,0.649,empego,14
0,1.272,empego,14
0,1.471,empego,14
1,0.879,empego,14
1,0.882,empego,14
0,0.627,empego,14
0,1.237,empego,14
1,0.865,empego,14
0,1.109,empego,14
0,0.944,empego,14
0,0.872,empego,14
0,0.734,empego,14
1,1.131,empego,14
0,1.016,empego,14
1,0.642,empego,14
1,1.521,empego,14
0,0.944,empego,14
1,1.266,empego,14
0,0.849,empego,14
0,1.239,empego,14
0,0.677,empego,14
1,1.386,empego,14
0,0.655,empego,14
0,0.575,empego,14
1,1.765,empego,14
0,0.907,empego,14
0,0.963,empego,14
0,0.881,empego,14
0,0.664,empego,14
1,1.071,empego,14
1,0.822,empego,14
0,0.638,empego,14
1,1.116,empego,14
0,0.84,empego,14
0,1.364,empego,14
0,1.082,empego,14
0,0.719,empego,14
0,0.802,empego,14
1,1.2,empego,14
0,0.82,empego,14
0,0.586,empego,14
1,1.239,empego,14
1,1.492,empego,14
1,1.155,empego,14
1,1.181,empego,14
1,0.965,empego,14
1,1.199,empego,14
1,1.045,emp,15
1,0.872,emp,15
1,0.736,emp,15
0,1.495,emp,15
1,0.982,emp,15
1,0.812,emp,15
1,0.792,emp,15
1,0.808,emp,15
1,1.012,emp,15
1,0.704,emp,15
0,0.732,emp,15
1,0.609,emp,15
1,0.765,emp,15
1,0.758,emp,15
1,0.747,emp,15
1,0.769,emp,15
1,0.76,emp,15
0,0.84,emp,15
0,0.713,emp,15
0,0.713,emp,15
1,0.797,emp,15
1,1.002,emp,15
1,0.815,emp,15
0,0.827,emp,15
1,0.715,emp,15
1,0.991,emp,15
0,0.973,emp,15
1,0.917,emp,15
1,0.687,emp,15
1,0.734,emp,15
1,0.757,emp,15
0,0.65,emp,15
1,0.812,emp,15
1,0.899,emp,15
1,0.636,emp,15
1,0.826,emp,15
1,0.766,emp,15
0,0.633,emp,15
1,0.691,emp,15
1,0.914,emp,15
1,0.815,emp,15
1,0.895,emp,15
1,0.735,emp,15
1,0.805,emp,15
1,0.675,emp,15
0,0.717,emp,15
1,0.925,emp,15
1,0.933,emp,15
1,0.808,emp,15
1,0.649,emp,15
1,0.718,emp,15
1,0.996,emp,15
0,0.697,emp,15
1,0.892,emp,15
1,0.702,emp,15
1,0.919,emp,15
0,0.647,emp,15
1,0.73,emp,15
1,1.308,emp,15
1,1.103,empego,15
1,0.771,empego,15
1,0.749,empego,15
1,0.459,empego,15
1,0.533,empego,15
1,0.692,empego,15
1,0.595,empego,15
1,0.506,empego,15
1,1.625,empego,15
1,1.022,empego,15
1,1.021,empego,15
1,0.934,empego,15
0,0.809,empego,15
0,1.368,empego,15
1,0.65,empego,15
0,1.423,empego,15
1,1.067,empego,15
0,0.785,empego,15
0,0.945,empego,15
1,1.144,empego,15
1,0.743,empego,15
1,1.342,empego,15
1,0.799,empego,15
1,0.8,empego,15
0,0.765,empego,15
1,0.858,empego,15
1,1.027,empego,15
0,0.954,empego,15
1,0.748,empego,15
1,0.673,empego,15
1,0.716,empego,15
1,0.584,empego,15
1,0.545,empego,15
1,0.563,empego,15
1,0.647,empego,15
1,0.746,empego,15
1,0.563,empego,15
1,0.718,empego,15
1,0.533,empego,15
1,0.761,empego,15
1,1.044,empego,15
1,0.856,empego,15
1,0.776,empego,15
1,0.75,empego,15
1,0.819,empego,15
1,0.83,empego,15
0,0.759,empego,15
0,0.707,empego,15
1,1.098,empego,15
0,0.974,empego,15
1,1.455,empego,15
1,0.739,empego,15
1,0.815,empego,15
1,0.649,empego,15
1,0.519,empego,15
1,0.633,empego,15
1,0.706,empego,15
1,0.666,empego,15
1,0.935,empego,15
1,0.727,empego,15
1,2.182,emp,16
1,0.973,emp,16
1,0.898,emp,16
1,1.006,emp,16
1,0.744,emp,16
1,0.707,emp,16
1,1.202,emp,16
0,0.926,emp,16
1,0.954,emp,16
1,0.929,emp,16
1,0.883,emp,16
1,1.033,emp,16
1,1.498,emp,16
1,0.693,emp,16
1,1.047,emp,16
1,1.481,emp,16
1,0.51,emp,16
1,0.707,emp,16
1,0.681,emp,16
1,0.692,emp,16
0,1.09,emp,16
0,0.665,emp,16
0,1.403,emp,16
0,0.964,emp,16
1,1.335,emp,16
1,0.744,emp,16
1,0.924,emp,16
1,0.64,emp,16
1,0.52,emp,16
1,0.747,emp,16
1,0.89,emp,16
1,0.888,emp,16
0,0.894,emp,16
1,0.739,emp,16
1,0.717,emp,16
1,0.688,emp,16
1,0.773,emp,16
0,0.67,emp,16
0,0.738,emp,16
0,1.383,emp,16
0,1.358,emp,16
0,0.775,emp,16
0,0.833,emp,16
1,0.723,emp,16
1,1.01,emp,16
1,0.808,emp,16
1,0.98,emp,16
1,1.007,emp,16
1,0.722,emp,16
1,0.885,emp,16
1,0.913,emp,16
1,0.785,emp,16
1,0.829,emp,16
1,0.696,emp,16
1,0.837,emp,16
1,0.644,emp,16
0,0.828,emp,16
1,0.908,emp,16
1,0.681,emp,16
1,0.721,emp,16
1,1.065,empego,16
1,0.71,empego,16
1,0.506,empego,16
1,0.653,empego,16
1,0.524,empego,16
1,0.867,empego,16
1,0.53,empego,16
1,0.675,empego,16
1,0.567,empego,16
1,0.733,empego,16
1,0.701,empego,16
1,0.709,empego,16
1,0.638,empego,16
1,0.59,empego,16
1,0.553,empego,16
1,0.541,empego,16
1,0.576,empego,16
1,0.591,empego,16
1,0.57,empego,16
1,0.585,empego,16
1,0.653,empego,16
1,0.534,empego,16
1,0.43,empego,16
1,0.524,empego,16
1,0.69,empego,16
1,0.669,empego,16
1,0.747,empego,16
1,0.675,empego,16
1,0.594,empego,16
1,0.696,empego,16
1,0.639,empego,16
1,0.693,empego,16
1,0.603,empego,16
1,0.822,empego,16
1,0.596,empego,16
1,0.666,empego,16
1,0.745,empego,16
1,0.617,empego,16
1,1.009,empego,16
1,0.689,empego,16
1,0.61,empego,16
1,0.875,empego,16
1,0.608,empego,16
1,0.675,empego,16
1,0.768,empego,16
1,0.728,empego,16
1,0.599,empego,16
1,0.573,empego,16
1,0.576,empego,16
1,0.561,empego,16
1,0.677,empego,16
1,0.766,empego,16
1,0.687,empego,16
1,0.793,empego,16
1,0.579,empego,16
1,0.709,empego,16
1,0.6,empego,16
1,0.787,empego,16
1,0.652,empego,16
1,0.818,empego,16
0,1.678,emp,17
1,1.039,emp,17
0,2.191,emp,17
0,1.402,emp,17
1,1.983,emp,17
0,1.155,emp,17
1,1.192,emp,17
1,1.034,emp,17
1,1.949,emp,17
1,1.578,emp,17
0,1.271,emp,17
1,1.155,emp,17
1,1.475,emp,17
0,1.535,emp,17
0,1.002,emp,17
1,1.585,emp,17
0,0.907,emp,17
1,1.078,emp,17
0,2.283,emp,17
1,1.22,emp,17
1,1.496,emp,17
0,1.196,emp,17
1,0.96,emp,17
0,1.19,emp,17
1,1.485,emp,17
1,0.989,emp,17
0,1.388,emp,17
1,0.951,emp,17
1,1.788,emp,17
1,1.392,emp,17
0,1.069,emp,17
0,0.854,emp,17
0,0.801,emp,17
0,1.114,emp,17
1,1.272,emp,17
0,0.912,emp,17
1,1.162,emp,17
1,0.954,emp,17
1,1.541,emp,17
1,1.107,emp,17
1,2.166,emp,17
1,1.02,emp,17
1,1.69,emp,17
0,0.847,emp,17
1,1.09,emp,17
1,2.151,emp,17
1,1.504,emp,17
1,1.285,emp,17
1,1.125,emp,17
0,1.019,emp,17
0,1.399,emp,17
1,1.238,emp,17
1,1.445,emp,17
0,0.871,emp,17
0,1.429,emp,17
1,0.996,emp,17
1,1.102,emp,17
1,0.927,emp,17
1,1.047,emp,17
1,0.926,emp,17
1,1.536,empego,17
1,1.261,empego,17
1,1.499,empego,17
0,2.363,empego,17
1,1.588,empego,17
1,3.54,empego,17
0,1.613,empego,17
0,1.56,empego,17
0,1.31,empego,17
0,3.016,empego,17
1,1.738,empego,17
0,1.941,empego,17
1,2.411,empego,17
0,0.688,empego,17
0,1.086,empego,17
1,1.597,empego,17
0,1.071,empego,17
0,1.017,empego,17
0,1.849,empego,17
0,0.589,empego,17
0,1.31,empego,17
0,1.182,empego,17
1,1.517,empego,17
1,1.326,empego,17
1,1.308,empego,17
0,1.235,empego,17
0,1.098,empego,17
1,1.501,empego,17
1,1.392,empego,17
0,0.877,empego,17
1,1.129,empego,17
1,0.68,empego,17
1,1.88,empego,17
1,0.671,empego,17
1,0.926,empego,17
1,0.766,empego,17
0,1.285,empego,17
1,1.115,empego,17
1,1.731,empego,17
1,1.204,empego,17
0,0.904,empego,17
1,1.2,empego,17
0,2.102,empego,17
0,1.193,empego,17
1,1.313,empego,17
1,1.778,empego,17
0,0.928,empego,17
1,1.553,empego,17
1,1.384,empego,17
0,0.995,empego,17
0,0.882,empego,17
1,1.402,empego,17
1,1.396,empego,17
1,1.722,empego,17
0,0.754,empego,17
0,0.945,empego,17
1,1.04,empego,17
1,0.885,empego,17
0,0.699,empego,17
0,0.715,empego,17
1,1.439,emp,18
1,1.518,emp,18
0,1.461,emp,18
1,1.412,emp,18
0,0.953,emp,18
1,1.033,emp,18
0,2.855,emp,18
0,0.567,emp,18
1,1.111,emp,18
1,0.935,emp,18
0,1.079,emp,18
0,0.663,emp,18
0,0.607,emp,18
1,1.098,emp,18
0,0.713,emp,18
1,1.331,emp,18
1,1.878,emp,18
1,2.825,emp,18
0,0.743,emp,18
1,1.11,emp,18
0,0.571,emp,18
0,0.582,emp,18
1,1.035,emp,18
0,0.578,emp,18
0,0.609,emp,18
1,1.261,emp,18
1,0.946,emp,18
1,2.025,emp,18
1,1.903,emp,18
0,2.11,emp,18
0,0.558,emp,18
0,0.479,emp,18
1,1.389,emp,18
0,1.179,emp,18
1,1.636,emp,18
0,0.732,emp,18
1,1.586,emp,18
1,1.138,emp,18
1,2.07,emp,18
0,2.264,emp,18
1,1.314,emp,18
1,1.632,emp,18
1,1.814,emp,18
0,1.054,emp,18
1,1.483,emp,18
0,1.781,emp,18
0,0.835,emp,18
0,2.442,emp,18
0,1.321,emp,18
1,1.634,emp,18
0,0.65,emp,18
1,1.761,emp,18
0,0.575,emp,18
0,0.782,emp,18
0,0.771,emp,18
1,1.145,emp,18
1,1.026,emp,18
1,1.223,emp,18
1,1.503,emp,18
0,0.702,emp,18
1,1.362,empego,18
0,1.277,empego,18
0,0.902,empego,18
1,1.344,empego,18
1,1.217,empego,18
1,1.202,empego,18
0,1.205,empego,18
1,1.418,empego,18
0,1.142,empego,18
0,0.687,empego,18
0,2.045,empego,18
1,0.738,empego,18
1,1.307,empego,18
1,1.286,empego,18
0,1.102,empego,18
0,1.233,empego,18
0,0.787,empego,18
0,0.748,empego,18
1,1.361,empego,18
1,0.657,empego,18
1,0.637,empego,18
1,0.855,empego,18
1,2.043,empego,18
0,1.632,empego,18
0,1.375,empego,18
1,1.37,empego,18
0,1.126,empego,18
0,1.093,empego,18
0,1.129,empego,18
1,1.91,empego,18
0,0.734,empego,18
0,1.639,empego,18
1,0.776,empego,18
1,1.166,empego,18
0,0.656,empego,18
1,1.35,empego,18
1,1.804,empego,18
1,1.586,empego,18
0,1.138,empego,18
0,1.473,empego,18
1,1.215,empego,18
0,0.696,empego,18
1,1.268,empego,18
1,1.099,empego,18
0,2.377,empego,18
1,1.384,empego,18
1,0.827,empego,18
1,1.674,empego,18
0,1.207,empego,18
0,0.742,empego,18
1,1.419,empego,18
0,1.006,empego,18
1,1.153,empego,18
0,2.621,empego,18
1,1.513,empego,18
0,0.714,empego,18
1,1.38,empego,18
1,1.401,empego,18
1,1.155,empego,18
0,1.686,empego,18
1,1.143,emp,19
0,1.106,emp,19
0,1.88,emp,19
1,1.623,emp,19
0,0.643,emp,19
1,0.815,emp,19
0,0.649,emp,19
0,1.237,emp,19
1,0.966,emp,19
1,1.516,emp,19
0,0.767,emp,19
0,0.7,emp,19
1,1.003,emp,19
0,0.797,emp,19
0,0.745,emp,19
1,1.787,emp,19
0,0.578,emp,19
0,0.536,emp,19
0,0.599,emp,19
1,0.753,emp,19
0,1.533,emp,19
0,1.361,emp,19
1,0.68,emp,19
0,0.67,emp,19
0,0.539,emp,19
1,0.793,emp,19
0,0.893,emp,19
0,0.584,emp,19
1,0.66,emp,19
0,0.947,emp,19
1,0.631,emp,19
0,0.835,emp,19
0,0.615,emp,19
1,1.168,emp,19
0,1.092,emp,19
1,0.668,emp,19
0,0.532,emp,19
1,0.583,emp,19
0,0.517,emp,19
0,1.192,emp,19
0,1.171,emp,19
1,0.653,emp,19
0,0.625,emp,19
0,0.915,emp,19
1,1.128,emp,19
1,1.22,emp,19
0,0.929,emp,19
0,0.609,emp,19
1,0.627,emp,19
0,1.266,emp,19
1,1.391,emp,19
0,0.938,emp,19
0,0.495,emp,19
0,0.655,emp,19
1,0.784,emp,19
0,0.827,emp,19
1,0.62,emp,19
0,0.566,emp,19
0,0.79,emp,19
0,0.672,emp,19
1,2.001,empego,19
0,0.881,empego,19
1,0.645,empego,19
0,0.704,empego,19
0,0.65,empego,19
1,0.876,empego,19
1,0.874,empego,19
1,0.733,empego,19
0,0.883,empego,19
0,0.571,empego,19
0,0.726,empego,19
0,0.664,empego,19
1,0.993,empego,19
0,0.645,empego,19
0,0.651,empego,19
0,0.555,empego,19
1,1.1,empego,19
0,0.758,empego,19
0,0.668,empego,19
0,0.545,empego,19
1,0.628,empego,19
1,1.258,empego,19
0,0.889,empego,19
0,0.521,empego,19
0,0.715,empego,19
0,0.55,empego,19
1,0.552,empego,19
0,0.485,empego,19
0,0.527,empego,19
0,0.562,empego,19
0,0.954,empego,19
1,0.444,empego,19
0,0.726,empego,19
0,0.438,empego,19
1,0.681,empego,19
0,0.659,empego,19
0,0.454,empego,19
0,0.881,empego,19
0,0.561,empego,19
0,2.006,empego,19
1,0.605,empego,19
0,0.566,empego,19
0,0.934,empego,19
0,0.734,empego,19
1,0.704,empego,19
0,0.579,empego,19
0,0.49,empego,19
0,0.485,empego,19
1,0.554,empego,19
1,0.614,empego,19
0,0.584,empego,19
0,0.623,empego,19
0,0.623,empego,19
0,0.59,empego,19
0,0.516,empego,19
0,0.637,empego,19
0,0.756,empego,19
1,1.035,empego,19
0,0.701,empego,19
0,0.716,empego,19
0,1.975,emp,20
1,0.796,emp,20
1,0.845,emp,20
1,0.827,emp,20
0,0.72,emp,20
1,0.812,emp,20
1,0.805,emp,20
1,0.793,emp,20
1,1.041,emp,20
1,1.399,emp,20
1,1.177,emp,20
0,1.235,emp,20
1,1.308,emp,20
1,0.631,emp,20
1,0.717,emp,20
1,0.679,emp,20
1,0.771,emp,20
1,1.103,emp,20
1,0.651,emp,20
1,0.802,emp,20
1,0.654,emp,20
1,0.802,emp,20
1,0.718,emp,20
1,0.645,emp,20
1,0.73,emp,20
1,0.687,emp,20
1,0.763,emp,20
1,0.615,emp,20
1,1.501,emp,20
0,1.89,emp,20
1,1.053,emp,20
1,0.845,emp,20
1,0.753,emp,20
0,1.119,emp,20
1,1.13,emp,20
1,0.728,emp,20
1,1.04,emp,20
1,0.939,emp,20
1,0.777,emp,20
1,0.8,emp,20
1,0.832,emp,20
1,0.714,emp,20
1,0.568,emp,20
1,0.774,emp,20
1,0.622,emp,20
1,1.104,emp,20
1,1.352,emp,20
1,0.652,emp,20
1,0.731,emp,20
1,0.639,emp,20
1,0.608,emp,20
1,0.788,emp,20
1,0.686,emp,20
1,0.617,emp,20
1,0.648,emp,20
1,0.602,emp,20
1,1.224,emp,20
1,0.662,emp,20
1,0.741,emp,20
1,0.949,emp,20
1,1.051,empego,20
1,1.522,empego,20
1,1.753,empego,20
0,1.892,empego,20
1,1.654,empego,20
1,0.827,empego,20
1,1.23,empego,20
1,1.196,empego,20
0,1.463,empego,20
1,0.794,empego,20
1,0.786,empego,20
1,1.046,empego,20
1,0.952,empego,20
0,0.466,empego,20
1,0.865,empego,20
1,1.091,empego,20
1,1.285,empego,20
0,1.394,empego,20
1,1.058,empego,20
1,1.008,empego,20
1,1.098,empego,20
1,1.355,empego,20
1,2.38,empego,20
0,1.835,empego,20
1,1.062,empego,20
1,1.457,empego,20
1,1.203,empego,20
1,1.179,empego,20
1,1.236,empego,20
1,1.617,empego,20
1,1.392,empego,20
0,2.086,empego,20
1,0.962,empego,20
1,1.529,empego,20
1,1.696,empego,20
1,1.247,empego,20
1,1.536,empego,20
1,1.565,empego,20
1,2.502,empego,20
1,1.574,empego,20
1,1.921,empego,20
0,2.115,empego,20
1,1.011,empego,20
1,0.727,empego,20
1,1.614,empego,20
1,1.592,empego,20
1,1.771,empego,20
1,1.533,empego,20
1,1.95,empego,20
1,1.717,empego,20
1,1.287,empego,20
1,1.355,empego,20
0,1.343,empego,20
1,0.67,empego,20
1,0.792,empego,20
1,0.906,empego,20
1,1.369,empego,20
1,1.476,empego,20
1,1.146,empego,20
1,1.618,empego,20
1,0.766,emp,21
1,0.656,emp,21
1,0.607,emp,21
1,0.656,emp,21
1,0.627,emp,21
1,0.935,emp,21
1,0.616,emp,21
1,0.648,emp,21
1,0.661,emp,21
1,0.691,emp,21
1,0.776,emp,21
1,0.616,emp,21
1,0.686,emp,21
1,0.615,emp,21
1,0.828,emp,21
1,1.023,emp,21
1,0.751,emp,21
1,0.774,emp,21
1,0.854,emp,21
1,0.897,emp,21
1,0.907,emp,21
1,0.756,emp,21
1,1.082,emp,21
1,1.156,emp,21
1,0.889,emp,21
1,0.809,emp,21
1,1.147,emp,21
1,0.973,emp,21
1,0.772,emp,21
1,0.752,emp,21
1,0.735,emp,21
1,0.745,emp,21
1,0.692,emp,21
1,0.71,emp,21
1,0.84,emp,21
1,0.652,emp,21
1,0.62,emp,21
1,1.069,emp,21
1,0.695,emp,21
1,0.777,emp,21
1,0.675,emp,21
1,1.312,emp,21
1,0.693,emp,21
1,0.829,emp,21
1,0.78,emp,21
1,0.676,emp,21
1,0.703,emp,21
1,0.739,emp,21
1,0.839,emp,21
1,0.675,emp,21
1,1.318,emp,21
1,1.126,emp,21
1,0.943,emp,21
0,0.758,emp,21
1,0.982,emp,21
1,1.021,emp,21
1,0.929,emp,21
1,0.643,emp,21
1,0.715,emp,21
1,0.621,emp,21
1,0.881,empego,21
1,0.576,empego,21
1,0.643,empego,21
1,0.78,empego,21
1,0.573,empego,21
1,0.669,empego,21
1,0.822,empego,21
1,0.925,empego,21
1,0.861,empego,21
1,0.73,empego,21
1,0.893,empego,21
1,0.633,empego,21
1,0.653,empego,21
1,0.576,empego,21
1,0.602,empego,21
1,0.721,empego,21
1,0.696,empego,21
1,0.54,empego,21
1,0.74,empego,21
1,0.565,empego,21
1,0.614,empego,21
1,0.61,empego,21
1,0.587,empego,21
1,0.552,empego,21
1,0.83,empego,21
1,0.757,empego,21
1,0.571,empego,21
1,0.789,empego,21
1,0.581,empego,21
1,0.766,empego,21
1,0.925,empego,21
1,0.799,empego,21
1,0.853,empego,21
1,0.831,empego,21
1,0.725,empego,21
1,0.823,empego,21
1,0.529,empego,21
1,0.629,empego,21
1,0.519,empego,21
1,0.915,empego,21
1,0.666,empego,21
1,0.905,empego,21
1,0.986,empego,21
1,0.692,empego,21
1,0.75,empego,21
1,0.729,empego,21
1,0.659,empego,21
1,0.618,empego,21
1,0.768,empego,21
1,0.706,empego,21
1,0.623,empego,21
1,0.766,empego,21
1,0.881,empego,21
1,1.295,empego,21
1,0.859,empego,21
1,0.77,empego,21
1,0.967,empego,21
1,0.68,empego,21
1,0.62,empego,21
1,0.613,empego,21
1,0.911,emp,22
1,0.799,emp,22
1,0.883,emp,22
1,1.072,emp,22
1,0.582,emp,22
1,0.628,emp,22
1,0.697,emp,22
1,0.905,emp,22
1,2.001,emp,22
1,0.981,emp,22
1,0.874,emp,22
1,1.027,emp,22
1,1.146,emp,22
1,0.816,emp,22
1,0.819,emp,22
1,1.086,emp,22
1,0.698,emp,22
1,0.783,emp,22
1,0.855,emp,22
1,0.926,emp,22
1,0.705,emp,22
1,0.961,emp,22
1,0.762,emp,22
1,0.701,emp,22
1,0.956,emp,22
1,1.043,emp,22
1,1.002,emp,22
1,0.708,emp,22
1,0.745,emp,22
1,0.712,emp,22
1,0.845,emp,22
1,0.843,emp,22
1,0.734,emp,22
1,0.812,emp,22
1,0.991,emp,22
1,0.72,emp,22
1,0.786,emp,22
1,1.114,emp,22
1,0.778,emp,22
1,0.626,emp,22
1,0.963,emp,22
1,0.929,emp,22
1,1.169,emp,22
1,1.059,emp,22
1,1.001,emp,22
1,0.891,emp,22
1,0.835,emp,22
1,1.091,emp,22
1,1.063,emp,22
1,1.379,emp,22
1,1.096,emp,22
1,1.518,emp,22
1,1.261,emp,22
1,0.853,emp,22
1,0.887,emp,22
1,0.943,emp,22
1,0.793,emp,22
1,0.799,emp,22
1,0.646,emp,22
1,0.6,emp,22
1,1.025,empego,22
1,1.174,empego,22
1,1.297,empego,22
1,1.599,empego,22
1,0.685,empego,22
1,1.076,empego,22
1,1.266,empego,22
1,0.865,empego,22
1,0.846,empego,22
1,0.835,empego,22
1,0.785,empego,22
1,0.988,empego,22
1,0.875,empego,22
1,0.817,empego,22
1,1.604,empego,22
1,0.838,empego,22
1,0.694,empego,22
1,0.754,empego,22
1,0.782,empego,22
1,1.111,empego,22
1,0.973,empego,22
1,1.242,empego,22
1,1.002,empego,22
1,0.805,empego,22
1,0.885,empego,22
1,0.842,empego,22
1,0.817,empego,22
1,0.889,empego,22
1,1.665,empego,22
1,1.45,empego,22
1,1.271,empego,22
1,0.965,empego,22
1,0.994,empego,22
1,1.141,empego,22
1,1.509,empego,22
1,0.852,empego,22
1,0.751,empego,22
1,1.785,empego,22
1,0.742,empego,22
1,1.132,empego,22
1,2.34,empego,22
1,1.399,empego,22
1,0.786,empego,22
1,1.001,empego,22
1,0.739,empego,22
1,0.885,empego,22
1,0.738,empego,22
1,0.837,empego,22
1,0.814,empego,22
1,1.137,empego,22
1,1.317,empego,22
1,1.041,empego,22
1,0.828,empego,22
1,1.17,empego,22
1,1,empego,22
1,0.83,empego,22
1,0.956,empego,22
1,0.83,empego,22
1,0.944,empego,22
1,0.668,empego,22
1,2.317,emp,23
0,2.783,emp,23
1,2.519,emp,23
1,2.637,emp,23
1,2.649,emp,23
1,3.224,emp,23
1,2.735,emp,23
0,1.77,emp,23
1,2.755,emp,23
1,2.516,emp,23
1,2.897,emp,23
0,1.581,emp,23
0,1.74,emp,23
1,3.16,emp,23
0,2.543,emp,23
0,2.86,emp,23
1,2.631,emp,23
1,3.051,emp,23
0,2.612,emp,23
0,2.9,emp,23
1,2.082,emp,23
0,2.261,emp,23
0,2.636,emp,23
1,1.772,emp,23
1,3.005,emp,23
1,2.637,emp,23
1,2.289,emp,23
1,2.17,emp,23
1,1.887,emp,23
1,2.184,emp,23
1,1.591,emp,23
1,2.188,emp,23
1,1.936,emp,23
1,2.445,emp,23
1,1.422,emp,23
1,1.684,emp,23
0,2.773,emp,23
1,3.359,emp,23
0,3.315,emp,23
1,1.713,emp,23
1,3.532,emp,23
1,1.422,emp,23
1,3.271,emp,23
0,2.536,emp,23
0,1.81,emp,23
1,1.935,emp,23
1,2.51,emp,23
1,2.208,emp,23
1,2.232,emp,23
1,2.503,emp,23
1,1.708,emp,23
1,2.451,emp,23
0,2.435,emp,23
1,1.343,emp,23
1,2.639,emp,23
0,2.229,emp,23
1,2.717,emp,23
1,2.501,emp,23
1,2.782,emp,23
1,2.287,emp,23
1,1.589,empego,23
1,1.092,empego,23
1,1.148,empego,23
1,0.962,empego,23
1,1.259,empego,23
1,1.33,empego,23
1,0.933,empego,23
1,1.066,empego,23
1,1.121,empego,23
1,0.964,empego,23
1,0.822,empego,23
1,1.068,empego,23
1,1.064,empego,23
1,1.322,empego,23
1,1.378,empego,23
1,1.289,empego,23
1,1.233,empego,23
1,1.284,empego,23
1,1.379,empego,23
1,1.324,empego,23
1,1.664,empego,23
1,2.294,empego,23
1,1.564,empego,23
1,1.904,empego,23
1,1.253,empego,23
1,1.336,empego,23
1,1.285,empego,23
1,1.22,empego,23
1,1.912,empego,23
1,1.368,empego,23
1,1.407,empego,23
1,1.517,empego,23
1,1.233,empego,23
1,1.185,empego,23
1,1.476,empego,23
1,1.24,empego,23
1,1.209,empego,23
1,1.497,empego,23
1,1.26,empego,23
1,1.263,empego,23
1,1.22,empego,23
1,1.152,empego,23
1,1.302,empego,23
1,1.143,empego,23
1,1.034,empego,23
1,1.12,empego,23
1,1.032,empego,23
1,1.294,empego,23
1,1.531,empego,23
1,1.272,empego,23
1,1.357,empego,23
1,1.244,empego,23
1,1.382,empego,23
1,1.031,empego,23
1,1.144,empego,23
1,1.464,empego,23
1,1.17,empego,23
1,1.199,empego,23
1,1.233,empego,23
1,1.109,empego,23
0,2.707,emp,24
0,0.912,emp,24
0,1.436,emp,24
0,1.342,emp,24
1,1.435,emp,24
0,1.144,emp,24
1,1.386,emp,24
1,1.128,emp,24
1,1.159,emp,24
0,0.714,emp,24
1,1.225,emp,24
1,1.123,emp,24
0,0.997,emp,24
0,0.934,emp,24
1,1.158,emp,24
0,1.395,emp,24
1,1.294,emp,24
0,1.638,emp,24
1,1.211,emp,24
1,1.442,emp,24
1,1.152,emp,24
1,2.628,emp,24
0,2.076,emp,24
1,1.607,emp,24
0,0.781,emp,24
0,0.786,emp,24
1,0.804,emp,24
1,1.816,emp,24
1,0.932,emp,24
1,1.855,emp,24
1,1.667,emp,24
1,1.143,emp,24
0,1.519,emp,24
0,1.825,emp,24
1,1.123,emp,24
1,1.458,emp,24
0,0.704,emp,24
0,1.51,emp,24
1,1.736,emp,24
1,1.33,emp,24
1,1.431,emp,24
0,0.556,emp,24
1,0.804,emp,24
0,1.342,emp,24
0,0.879,emp,24
0,1.123,emp,24
1,1.436,emp,24
1,1.711,emp,24
1,0.973,emp,24
0,1.002,emp,24
0,1.239,emp,24
0,0.675,emp,24
1,0.882,emp,24
0,0.843,emp,24
0,1.283,emp,24
0,0.685,emp,24
1,0.728,emp,24
1,0.707,emp,24
0,0.697,emp,24
1,1.126,emp,24
1,0.88,empego,24
1,0.8,empego,24
1,0.937,empego,24
1,0.79,empego,24
1,0.602,empego,24
1,0.895,empego,24
1,1.026,empego,24
1,1.069,empego,24
1,0.771,empego,24
1,0.757,empego,24
1,0.973,empego,24
1,0.927,empego,24
1,0.826,empego,24
1,0.838,empego,24
1,0.766,empego,24
1,0.757,empego,24
1,1.092,empego,24
1,0.642,empego,24
1,0.822,empego,24
1,0.727,empego,24
1,0.744,empego,24
1,1.151,empego,24
1,1.005,empego,24
1,1.532,empego,24
1,1.61,empego,24
0,1.079,empego,24
1,1.143,empego,24
1,1.726,empego,24
1,1.796,empego,24
1,1.628,empego,24
1,1.891,empego,24
1,0.743,empego,24
1,0.764,empego,24
1,1.171,empego,24
1,0.833,empego,24
1,1.255,empego,24
1,0.838,empego,24
1,1.133,empego,24
1,1.226,empego,24
1,0.74,empego,24
1,0.635,empego,24
1,1.558,empego,24
1,0.859,empego,24
1,1.827,empego,24
1,1.501,empego,24
0,0.994,empego,24
1,1.088,empego,24
0,1.133,empego,24
1,1.362,empego,24
1,1.131,empego,24
1,1.369,empego,24
1,1.265,empego,24
1,1.296,empego,24
0,1.654,empego,24
1,1.28,empego,24
1,1.447,empego,24
1,1.244,empego,24
1,1.473,empego,24
0,1.551,empego,24
0,1.259,empego,24
0,2.052,emp,25
1,1.553,emp,25
1,2.197,emp,25
0,1.865,emp,25
1,1.537,emp,25
0,1.307,emp,25
1,1.474,emp,25
0,2.188,emp,25
1,1.72,emp,25
1,1.369,emp,25
1,1.199,emp,25
0,1.309,emp,25
1,1.222,emp,25
0,1.46,emp,25
1,2.254,emp,25
1,1.247,emp,25
0,1.101,emp,25
1,0.957,emp,25
1,1.274,emp,25
0,2.312,emp,25
0,2.6,emp,25
1,3.03,emp,25
0,1,emp,25
1,1.91,emp,25
1,1.345,emp,25
0,1.772,emp,25
0,1.808,emp,25
1,1.835,emp,25
0,1.104,emp,25
0,1.699,emp,25
0,1.462,emp,25
1,1.247,emp,25
1,3.266,emp,25
1,0.827,emp,25
0,1.065,emp,25
0,1.398,emp,25
1,1.182,emp,25
0,1.312,emp,25
1,1.497,emp,25
0,1.931,emp,25
1,0.894,emp,25
0,1.496,emp,25
0,1.244,emp,25
1,1.125,emp,25
0,1.196,emp,25
0,1.172,emp,25
0,1.169,emp,25
1,0.954,emp,25
0,1.184,emp,25
1,1.269,emp,25
1,1.819,emp,25
1,0.745,emp,25
1,1.471,emp,25
0,1.126,emp,25
1,1.163,emp,25
0,1.888,emp,25
0,1.398,emp,25
1,1.033,emp,25
0,1.138,emp,25
1,1.55,empego,25
1,1.158,empego,25
1,1.012,empego,25
1,1.527,empego,25
1,1.126,empego,25
1,0.887,empego,25
1,0.959,empego,25
1,0.927,empego,25
1,1.001,empego,25
1,1.099,empego,25
1,1.419,empego,25
1,1.067,empego,25
1,1.132,empego,25
1,1.007,empego,25
1,0.855,empego,25
1,0.761,empego,25
1,1.106,empego,25
1,0.941,empego,25
1,1.01,empego,25
1,1.02,empego,25
1,1.003,empego,25
1,1.011,empego,25
1,0.828,empego,25
1,1.241,empego,25
1,1.311,empego,25
1,0.785,empego,25
1,0.941,empego,25
1,1.181,empego,25
1,1.452,empego,25
1,1.586,empego,25
1,0.963,empego,25
1,1.03,empego,25
1,1.215,empego,25
1,0.865,empego,25
1,0.966,empego,25
1,0.88,empego,25
1,1.244,empego,25
1,1.262,empego,25
1,0.861,empego,25
1,1.082,empego,25
1,1.082,empego,25
1,1.117,empego,25
1,1.094,empego,25
1,1.131,empego,25
1,0.865,empego,25
1,0.888,empego,25
1,1.122,empego,25
1,0.919,empego,25
1,0.848,empego,25
1,0.884,empego,25
1,0.953,empego,25
1,0.958,empego,25
1,2.308,empego,25
1,0.969,empego,25
1,1.209,empego,25
1,1.301,empego,25
1,1.317,empego,25
1,0.906,empego,25
1,1.066,empego,25
1,1.542,empego,25
1,3.472,emp,26
1,0.916,emp,26
1,1.047,emp,26
1,1.337,emp,26
1,1.142,emp,26
0,1.43,emp,26
1,1.063,emp,26
1,0.913,emp,26
1,0.739,emp,26
1,0.804,emp,26
0,0.879,emp,26
1,0.845,emp,26
1,0.927,emp,26
1,0.779,emp,26
1,0.775,emp,26
1,0.737,emp,26
1,1.246,emp,26
1,0.995,emp,26
1,1.079,emp,26
1,1.675,emp,26
0,1.728,emp,26
1,1.243,emp,26
1,1.709,emp,26
1,1.738,emp,26
0,1.8,emp,26
0,1.093,emp,26
0,1.392,emp,26
1,0.99,emp,26
1,0.739,emp,26
1,0.672,emp,26
0,1.025,emp,26
1,0.635,emp,26
1,1.08,emp,26
1,0.795,emp,26
1,0.807,emp,26
0,1.124,emp,26
1,1.477,emp,26
1,1.09,emp,26
1,0.825,emp,26
1,0.836,emp,26
1,1.09,emp,26
1,0.712,emp,26
1,0.958,emp,26
1,1.121,emp,26
1,0.91,emp,26
1,0.995,emp,26
1,0.663,emp,26
1,0.615,emp,26
1,0.931,emp,26
0,0.938,emp,26
0,1.096,emp,26
1,1.137,emp,26
0,2.356,emp,26
0,0.911,emp,26
1,1.213,emp,26
0,0.786,emp,26
0,1.049,emp,26
1,1.285,emp,26
1,0.901,emp,26
0,0.941,emp,26
1,0.906,empego,26
1,0.826,empego,26
1,0.873,empego,26
1,0.706,empego,26
1,0.968,empego,26
1,0.984,empego,26
1,0.897,empego,26
1,0.839,empego,26
1,0.857,empego,26
1,0.676,empego,26
1,0.843,empego,26
1,0.827,empego,26
1,0.647,empego,26
1,0.848,empego,26
1,1.027,empego,26
1,0.944,empego,26
1,0.755,empego,26
1,0.674,empego,26
1,0.784,empego,26
1,0.939,empego,26
1,0.749,empego,26
0,1.032,empego,26
1,1.031,empego,26
1,2.046,empego,26
1,1.997,empego,26
1,0.86,empego,26
1,0.887,empego,26
1,0.642,empego,26
1,1.23,empego,26
1,0.884,empego,26
1,0.932,empego,26
1,0.662,empego,26
1,0.867,empego,26
1,0.844,empego,26
1,0.729,empego,26
1,0.852,empego,26
1,0.688,empego,26
1,0.974,empego,26
1,0.779,empego,26
1,1.225,empego,26
0,1.472,empego,26
1,0.97,empego,26
1,0.915,empego,26
0,1.151,empego,26
1,0.844,empego,26
1,0.826,empego,26
1,0.95,empego,26
1,0.853,empego,26
1,0.665,empego,26
1,1.07,empego,26
1,1.059,empego,26
1,1.467,empego,26
1,0.605,empego,26
1,0.665,empego,26
1,0.764,empego,26
1,0.764,empego,26
1,1.218,empego,26
1,0.974,empego,26
1,1.04,empego,26
0,1.452,emp,27
1,2.467,emp,27
0,1.86,emp,27
1,2.271,emp,27
1,3.562,emp,27
0,3.228,emp,27
1,1.25,emp,27
1,1.538,emp,27
1,1.508,emp,27
1,1.853,emp,27
0,1.876,emp,27
0,1.124,emp,27
0,1.672,emp,27
1,0.739,emp,27
0,1.33,emp,27
1,2.58,emp,27
0,2.123,emp,27
1,0.871,emp,27
1,1.14,emp,27
0,3,emp,27
0,2.06,emp,27
1,2.35,emp,27
0,3.817,emp,27
0,1.232,emp,27
1,2.046,emp,27
1,1.324,emp,27
0,2.181,emp,27
1,2.335,emp,27
1,0.656,emp,27
1,2.909,emp,27
0,2.946,emp,27
1,1.17,emp,27
1,2.12,emp,27
1,1.566,emp,27
1,1.285,emp,27
0,1.743,emp,27
1,1.575,emp,27
0,2.196,emp,27
0,2.69,emp,27
1,2.537,emp,27
0,3.029,emp,27
0,0.745,emp,27
1,0.947,emp,27
0,1.168,emp,27
0,1.302,emp,27
1,2.781,emp,27
0,0.927,emp,27
1,1.26,emp,27
1,1.01,emp,27
0,1.06,emp,27
1,2.133,emp,27
0,1.537,emp,27
1,0.78,emp,27
1,1.36,emp,27
1,0.742,emp,27
1,0.957,empego,27
1,0.868,empego,27
1,1.006,empego,27
1,0.708,empego,27
1,0.857,empego,27
1,0.904,empego,27
0,0.591,empego,27
1,1.714,empego,27
1,2.079,empego,27
1,1.402,empego,27
1,2.049,empego,27
1,1.789,empego,27
0,0.89,empego,27
1,1.062,empego,27
1,2.012,empego,27
0,0.843,empego,27
0,0.918,empego,27
1,1.735,empego,27
1,1.251,empego,27
1,2.232,empego,27
1,1.044,empego,27
1,0.98,empego,27
1,2.061,empego,27
0,0.861,empego,27
1,1.247,empego,27
0,0.865,empego,27
1,1.508,empego,27
1,1.331,empego,27
1,1.685,empego,27
1,3.716,empego,27
1,1.67,empego,27
1,1.284,empego,27
1,1.278,empego,27
1,2.513,empego,27
1,1.711,empego,27
1,1.517,empego,27
0,1.379,empego,27
1,2.666,empego,27
1,1.068,empego,27
1,1.097,empego,27
1,1.092,empego,27
1,2.224,empego,27
1,1.049,empego,27
1,1.306,empego,27
1,1.822,empego,27
1,2.921,empego,27
0,1.03,empego,27
1,1.776,empego,27
1,2.576,empego,27
1,0.829,empego,27
1,1.508,empego,27
1,1.086,empego,27
1,2.322,empego,27
1,2.012,empego,27
1,1.441,empego,27
0,2.283,empego,27
1,1.136,empego,27
1,1.764,empego,27
1,3.299,empego,27
1,1.077,emp,28
0,1.171,emp,28
1,0.87,emp,28
1,0.723,emp,28
1,0.435,emp,28
1,0.947,emp,28
1,0.816,emp,28
1,0.643,emp,28
0,0.971,emp,28
1,0.74,emp,28
1,0.604,emp,28
1,0.59,emp,28
1,0.683,emp,28
1,0.53,emp,28
1,0.522,emp,28
1,0.757,emp,28
1,0.6,emp,28
0,1.049,emp,28
1,0.967,emp,28
1,0.541,emp,28
1,1.199,emp,28
1,1.841,emp,28
0,1.631,emp,28
1,2.352,emp,28
1,0.535,emp,28
1,1.666,emp,28
1,1.129,emp,28
0,0.693,emp,28
1,0.662,emp,28
1,0.532,emp,28
1,0.634,emp,28
1,1.371,emp,28
0,1.565,emp,28
1,1.534,emp,28
1,0.552,emp,28
1,0.587,emp,28
1,0.526,emp,28
1,0.532,emp,28
0,1.517,emp,28
1,0.607,emp,28
0,0.573,emp,28
1,0.662,emp,28
1,0.825,emp,28
1,0.749,emp,28
1,1.085,emp,28
1,1.187,emp,28
1,0.795,emp,28
1,0.684,emp,28
1,0.94,emp,28
1,0.78,emp,28
1,0.678,emp,28
0,0.636,emp,28
1,0.644,emp,28
1,2.708,emp,28
1,1.877,emp,28
1,1.916,emp,28
0,2.601,emp,28
1,0.974,emp,28
1,0.662,emp,28
1,1.85,empego,28
1,0.787,empego,28
1,0.62,empego,28
1,0.649,empego,28
1,0.598,empego,28
1,1.067,empego,28
1,1.037,empego,28
1,1.218,empego,28
1,2.11,empego,28
1,1.771,empego,28
1,1.55,empego,28
1,1.858,empego,28
1,1.711,empego,28
1,1.398,empego,28
1,2.579,empego,28
1,1.234,empego,28
0,2.08,empego,28
1,1.102,empego,28
1,0.775,empego,28
1,1.557,empego,28
1,1.492,empego,28
1,1.497,empego,28
0,3.319,empego,28
1,1.141,empego,28
1,1.514,empego,28
1,0.904,empego,28
1,1.127,empego,28
1,1.931,empego,28
0,1.261,empego,28
1,0.666,empego,28
1,1.541,empego,28
1,1.127,empego,28
1,1.71,empego,28
1,1.88,empego,28
1,2.818,empego,28
1,1.505,empego,28
0,2,empego,28
1,1.21,empego,28
1,0.92,empego,28
1,1.13,empego,28
1,2.107,empego,28
0,2.262,empego,28
1,1.526,empego,28
1,1.221,empego,28
1,0.59,empego,28
1,0.569,empego,28
1,1.083,empego,28
1,1.7,empego,28
1,1.354,empego,28
0,2.117,empego,28
1,0.784,empego,28
1,1.602,empego,28
1,1.64,empego,28
1,1.452,empego,28
1,2.194,empego,28
1,2.348,empego,28
1,0.841,empego,28
1,0.791,empego,28
1,0.95,empego,28
0,3.291,emp,29
1,1.139,emp,29
0,0.664,emp,29
0,1.362,emp,29
1,0.653,emp,29
0,0.826,emp,29
1,1.05,emp,29
0,1.216,emp,29
1,0.929,emp,29
0,1.481,emp,29
0,1.513,emp,29
0,1.041,emp,29
1,1.038,emp,29
0,1.296,emp,29
0,1.794,emp,29
0,1.655,emp,29
0,1.082,emp,29
1,0.661,emp,29
1,0.586,emp,29
1,2.715,emp,29
0,1.401,emp,29
1,1.053,emp,29
1,1.534,emp,29
0,0.845,emp,29
0,0.912,emp,29
0,0.936,emp,29
1,1.097,emp,29
0,0.99,emp,29
1,1.524,emp,29
1,1.394,emp,29
0,1.138,emp,29
1,1.824,emp,29
0,0.724,emp,29
1,1.719,emp,29
0,0.941,emp,29
1,0.941,emp,29
1,1.554,emp,29
1,1.483,emp,29
1,1.861,emp,29
0,0.953,emp,29
0,0.927,emp,29
0,1.931,emp,29
1,0.897,emp,29
0,1.19,emp,29
1,1.206,emp,29
0,1.321,emp,29
1,1.442,emp,29
1,2.001,emp,29
1,1.307,emp,29
1,2.169,emp,29
0,0.711,emp,29
0,0.833,emp,29
1,1.781,emp,29
0,2.135,emp,29
1,1.684,emp,29
1,1.507,emp,29
1,1.064,emp,29
0,1.509,emp,29
0,0.857,emp,29
0,2.263,emp,29
1,1.167,empego,29
1,1.214,empego,29
1,1.201,empego,29
1,1.028,empego,29
1,1.725,empego,29
1,0.611,empego,29
0,0.858,empego,29
1,0.846,empego,29
1,0.702,empego,29
0,0.794,empego,29
1,0.917,empego,29
0,1.341,empego,29
0,0.816,empego,29
1,0.771,empego,29
1,0.977,empego,29
1,0.775,empego,29
0,0.537,empego,29
1,2.159,empego,29
1,1.267,empego,29
0,1.552,empego,29
1,0.834,empego,29
1,1.824,empego,29
0,0.623,empego,29
1,1.431,empego,29
0,0.973,empego,29
0,0.976,empego,29
1,0.757,empego,29
1,0.736,empego,29
0,1.116,empego,29
0,0.906,empego,29
1,0.849,empego,29
1,0.646,empego,29
1,0.691,empego,29
1,0.645,empego,29
1,0.75,empego,29
1,0.611,empego,29
1,0.693,empego,29
0,1.347,empego,29
1,1.172,empego,29
0,1.142,empego,29
0,1.305,empego,29
1,0.832,empego,29
1,0.794,empego,29
0,0.932,empego,29
1,1.165,empego,29
1,1.111,empego,29
1,0.649,empego,29
0,2.156,empego,29
1,0.757,empego,29
1,2.209,empego,29
1,1.142,empego,29
1,0.831,empego,29
1,0.757,empego,29
1,0.941,empego,29
1,1.053,empego,29
1,0.628,empego,29
1,1.544,empego,29
1,2.409,empego,29
0,1.159,empego,29
0,1.397,empego,29
1,2.101,emp,30
0,1.542,emp,30
1,0.533,emp,30
1,0.622,emp,30
1,0.594,emp,30
1,0.452,emp,30
1,0.501,emp,30
1,0.802,emp,30
1,1.106,emp,30
1,0.673,emp,30
1,0.796,emp,30
1,0.558,emp,30
1,1.38,emp,30
1,0.803,emp,30
1,1.454,emp,30
1,0.643,emp,30
1,0.572,emp,30
1,0.59,emp,30
1,0.706,emp,30
1,0.59,emp,30
1,0.639,emp,30
1,0.295,emp,30
1,0.722,emp,30
0,0.488,emp,30
0,0.645,emp,30
1,0.842,emp,30
1,0.592,emp,30
1,0.733,emp,30
1,0.673,emp,30
1,0.86,emp,30
0,2.078,emp,30
1,0.782,emp,30
1,0.717,emp,30
1,0.899,emp,30
1,1.068,emp,30
1,0.595,emp,30
1,1.486,emp,30
1,0.648,emp,30
1,0.702,emp,30
1,0.438,emp,30
0,1.779,emp,30
1,1.028,emp,30
0,0.753,emp,30
1,0.804,emp,30
1,1.768,emp,30
1,0.682,emp,30
1,0.854,emp,30
1,0.539,emp,30
1,0.611,emp,30
1,0.54,emp,30
0,0.483,emp,30
1,0.928,emp,30
1,0.637,emp,30
1,0.642,emp,30
1,0.944,emp,30
1,2.233,emp,30
1,0.857,emp,30
1,0.835,emp,30
1,0.417,emp,30
1,1.083,emp,30
1,1.182,empego,30
1,1.48,empego,30
1,1.133,empego,30
1,1.292,empego,30
1,0.934,empego,30
1,1.021,empego,30
1,0.815,empego,30
1,0.779,empego,30
1,0.837,empego,30
1,0.945,empego,30
1,0.608,empego,30
1,0.666,empego,30
1,0.802,empego,30
1,1.229,empego,30
1,0.728,empego,30
1,1.134,empego,30
1,1.664,empego,30
1,0.755,empego,30
1,0.857,empego,30
1,1.643,empego,30
1,0.738,empego,30
1,0.783,empego,30
1,0.745,empego,30
1,0.865,empego,30
1,1.25,empego,30
1,0.936,empego,30
1,0.898,empego,30
1,0.958,empego,30
1,0.847,empego,30
1,0.673,empego,30
1,0.886,empego,30
1,0.783,empego,30
1,0.882,empego,30
1,2.274,empego,30
1,1.056,empego,30
1,0.626,empego,30
1,1.894,empego,30
1,1.186,empego,30
1,0.827,empego,30
1,0.712,empego,30
1,0.897,empego,30
1,0.627,empego,30
1,0.671,empego,30
1,0.632,empego,30
1,0.688,empego,30
1,0.622,empego,30
1,0.906,empego,30
1,0.632,empego,30
1,0.681,empego,30
1,0.749,empego,30
1,0.787,empego,30
1,1.629,empego,30
1,0.683,empego,30
1,0.62,empego,30
1,1.093,empego,30
1,0.494,empego,30
0,0.315,empego,30
1,0.816,empego,30
1,0.802,empego,30
1,1.228,empego,30
